Title,Price,Date
Funny Got Data MIS Data Systems Business Analyst T-Shirt,16.99,30/03/2022
Funny Got Data MIS Data Systems Business Analyst T-Shirt,16.99,30/03/2022
Funny Got Data MIS Data Systems Business Analyst T-Shirt,16.99,30/03/2022
Funny Got Data MIS Data Systems Business Analyst T-Shirt,16.99,30/03/2022
Funny Got Data MIS Data Systems Business Analyst T-Shirt,16.99,30/03/2022
Funny Got Data MIS Data Systems Business Analyst T-Shirt,16.99,30/03/2022
Funny Got Data MIS Data Systems Business Analyst T-Shirt,16.99,30/03/2022
Funny Got Data MIS Data Systems Business Analyst T-Shirt,16.99,30/03/2022
Funny Got Data MIS Data Systems Business Analyst T-Shirt,16.99,30/03/2022
